{"cameraMode":{"drawMode":0,"name":"Shaded","section":"Shading Mode"},"sceneLighting":false,"audioPlay":false,"sceneViewState":{"m_AlwaysRefresh":false,"showFog":true,"showSkybox":false,"showFlares":true,"showImageEffects":true,"showParticleSystems":true,"showVisualEffectGraphs":true,"m_FxEnabled":true},"in2DMode":false,"pivot":{"x":-0.8896481394767761,"y":0.18700888752937318,"z":-1.1678884029388428},"rotation":{"x":0.2804441452026367,"y":-0.4245428144931793,"z":0.14016762375831605,"w":0.8493973016738892},"size":5.0777459144592289,"orthographic":true}