{"cameraMode":{"drawMode":0,"name":"Shaded","section":"Shading Mode"},"sceneLighting":false,"audioPlay":false,"sceneViewState":{"m_AlwaysRefresh":false,"showFog":true,"showSkybox":false,"showFlares":true,"showImageEffects":true,"showParticleSystems":true,"showVisualEffectGraphs":true,"m_FxEnabled":true},"in2DMode":false,"pivot":{"x":-0.14428071677684785,"y":-0.08960013091564179,"z":-0.09803354740142822},"rotation":{"x":-0.013815872371196747,"y":0.9426748156547546,"z":-0.33113259077072146,"w":-0.03933223336935043},"size":0.41709277033805849,"orthographic":false}