{"cameraMode":{"drawMode":0,"name":"Shaded","section":"Shading Mode"},"sceneLighting":false,"audioPlay":false,"sceneViewState":{"m_AlwaysRefresh":false,"showFog":true,"showSkybox":false,"showFlares":true,"showImageEffects":true,"showParticleSystems":true,"showVisualEffectGraphs":true,"m_FxEnabled":true},"in2DMode":false,"pivot":{"x":-0.05672907829284668,"y":1.9755771160125733,"z":-0.1411113739013672},"rotation":{"x":0.22853723168373109,"y":-0.16471514105796815,"z":0.03934171795845032,"w":0.9587809443473816},"size":8.476771354675293,"orthographic":false}