{"cameraMode":{"drawMode":0,"name":"Shaded","section":"Shading Mode"},"sceneLighting":true,"audioPlay":false,"sceneViewState":{"m_AlwaysRefresh":false,"showFog":true,"showSkybox":false,"showFlares":true,"showImageEffects":true,"showParticleSystems":true,"showVisualEffectGraphs":true,"m_FxEnabled":true},"in2DMode":false,"pivot":{"x":3.1462979316711427,"y":-0.691795289516449,"z":-2.4385340213775636},"rotation":{"x":-0.041122518479824069,"y":-0.9589018821716309,"z":0.20648182928562165,"w":-0.19061239063739777},"size":5.917533874511719,"orthographic":false}