{"cameraMode":{"drawMode":0,"name":"Shaded","section":"Shading Mode"},"sceneLighting":true,"audioPlay":false,"sceneViewState":{"m_AlwaysRefresh":false,"showFog":true,"showSkybox":true,"showFlares":true,"showImageEffects":true,"showParticleSystems":true,"showVisualEffectGraphs":true,"m_FxEnabled":true},"in2DMode":false,"pivot":{"x":-1.5169159173965455,"y":1.580941915512085,"z":2.8382341861724855},"rotation":{"x":-0.004764353856444359,"y":0.968542218208313,"z":-0.24814023077487946,"w":-0.018597662448883058},"size":1.299038052558899,"orthographic":false}