{"cameraMode":{"drawMode":0,"name":"Shaded","section":"Shading Mode"},"sceneLighting":true,"audioPlay":false,"sceneViewState":{"m_AlwaysRefresh":false,"showFog":true,"showSkybox":true,"showFlares":true,"showImageEffects":true,"showParticleSystems":true,"showVisualEffectGraphs":true,"m_FxEnabled":true},"in2DMode":false,"pivot":{"x":-0.34850841760635378,"y":2.67570424079895,"z":16.744131088256837},"rotation":{"x":-0.2662535309791565,"y":0.23054789006710053,"z":-0.06574887037277222,"w":-0.9336190223693848},"size":2.6211464405059816,"orthographic":false}