{"cameraMode":{"drawMode":0,"name":"Shaded","section":"Shading Mode"},"sceneLighting":true,"audioPlay":false,"sceneViewState":{"m_AlwaysRefresh":false,"showFog":true,"showSkybox":true,"showFlares":true,"showImageEffects":true,"showParticleSystems":true,"showVisualEffectGraphs":true,"m_FxEnabled":true},"in2DMode":false,"pivot":{"x":-5.764923572540283,"y":-0.7952355742454529,"z":174.93646240234376},"rotation":{"x":-0.03365693613886833,"y":0.5155276656150818,"z":-0.020278211683034898,"w":-0.8559557795524597},"size":12.12435531616211,"orthographic":false}