{"cameraMode":{"drawMode":0,"name":"Shaded","section":"Shading Mode"},"sceneLighting":true,"audioPlay":false,"sceneViewState":{"m_AlwaysRefresh":false,"showFog":true,"showSkybox":true,"showFlares":true,"showImageEffects":true,"showParticleSystems":true,"showVisualEffectGraphs":true,"m_FxEnabled":true},"in2DMode":false,"pivot":{"x":-0.2607603073120117,"y":3.0439186096191408,"z":-4.465730667114258},"rotation":{"x":-0.34125256538391116,"y":0.01747916452586651,"z":-0.006346846930682659,"w":-0.9397943615913391},"size":12.12435531616211,"orthographic":false}