{"cameraMode":{"drawMode":0,"name":"Shaded","section":"Shading Mode"},"sceneLighting":true,"audioPlay":false,"sceneViewState":{"m_AlwaysRefresh":false,"showFog":true,"showSkybox":true,"showFlares":true,"showImageEffects":true,"showParticleSystems":true,"showVisualEffectGraphs":true,"m_FxEnabled":true},"in2DMode":false,"pivot":{"x":0.18702003359794618,"y":0.8542783260345459,"z":2.53240966796875},"rotation":{"x":0.009327122010290623,"y":0.7279598712921143,"z":-0.009773989208042622,"w":0.6856125593185425},"size":12.586997032165528,"orthographic":false}