{"cameraMode":{"drawMode":0,"name":"Shaded","section":"Shading Mode"},"sceneLighting":false,"audioPlay":false,"sceneViewState":{"m_AlwaysRefresh":false,"showFog":true,"showSkybox":false,"showFlares":true,"showImageEffects":true,"showParticleSystems":true,"showVisualEffectGraphs":true,"m_FxEnabled":true},"in2DMode":false,"pivot":{"x":10.230363845825196,"y":2.465775966644287,"z":-0.3398662209510803},"rotation":{"x":0.7164925932884216,"y":-0.05418180674314499,"z":0.056000154465436938,"w":0.6932298541069031},"size":8.416913986206055,"orthographic":false}