{"cameraMode":{"drawMode":0,"name":"Shaded","section":"Shading Mode"},"sceneLighting":false,"audioPlay":false,"sceneViewState":{"m_AlwaysRefresh":false,"showFog":true,"showSkybox":false,"showFlares":true,"showImageEffects":true,"showParticleSystems":true,"showVisualEffectGraphs":true,"m_FxEnabled":true},"in2DMode":false,"pivot":{"x":0.3290071487426758,"y":1.0945669412612916,"z":-0.012154102325439453},"rotation":{"x":0.08785500377416611,"y":0.7098981738090515,"z":-0.08988142758607865,"w":0.6931228041648865},"size":3.453098773956299,"orthographic":false}