{"cameraMode":{"drawMode":0,"name":"Shaded","section":"Shading Mode"},"sceneLighting":false,"audioPlay":false,"sceneViewState":{"m_AlwaysRefresh":false,"showFog":true,"showSkybox":false,"showFlares":true,"showImageEffects":true,"showParticleSystems":true,"showVisualEffectGraphs":true,"m_FxEnabled":true},"in2DMode":false,"pivot":{"x":12.800000190734864,"y":7.522411346435547,"z":26.700000762939454},"rotation":{"x":0.0009714798652566969,"y":0.998380720615387,"z":-0.05396502465009689,"w":0.01797281950712204},"size":3.968949317932129,"orthographic":false}