{"cameraMode":{"drawMode":0,"name":"Shaded","section":"Shading Mode"},"sceneLighting":true,"audioPlay":false,"sceneViewState":{"m_AlwaysRefresh":false,"showFog":true,"showSkybox":false,"showFlares":true,"showImageEffects":true,"showParticleSystems":true,"showVisualEffectGraphs":true,"m_FxEnabled":true},"in2DMode":false,"pivot":{"x":-0.9318283796310425,"y":-0.6851123571395874,"z":2.1105399131774904},"rotation":{"x":0.0673384815454483,"y":0.9044978022575378,"z":-0.39161691069602969,"w":0.15537990629673005},"size":2.617532968521118,"orthographic":false}