{"cameraMode":{"drawMode":0,"name":"Shaded","section":"Shading Mode"},"sceneLighting":true,"audioPlay":false,"sceneViewState":{"m_AlwaysRefresh":false,"showFog":true,"showSkybox":false,"showFlares":true,"showImageEffects":true,"showParticleSystems":true,"showVisualEffectGraphs":true,"m_FxEnabled":true},"in2DMode":false,"pivot":{"x":-0.35956910252571108,"y":0.33030423521995547,"z":-1.1078100204467774},"rotation":{"x":0.022091500461101533,"y":0.9677240252494812,"z":-0.23435886204242707,"w":0.09087397903203964},"size":2.617532968521118,"orthographic":false}