{"cameraMode":{"drawMode":0,"name":"Shaded","section":"Shading Mode"},"sceneLighting":true,"audioPlay":false,"sceneViewState":{"m_AlwaysRefresh":false,"showFog":true,"showSkybox":false,"showFlares":true,"showImageEffects":true,"showParticleSystems":true,"showVisualEffectGraphs":true,"m_FxEnabled":true},"in2DMode":false,"pivot":{"x":-1.7338166236877442,"y":-6.529572486877441,"z":4.341638565063477},"rotation":{"x":-0.48728838562965395,"y":-0.021478811278939248,"z":0.011898933909833432,"w":-0.8729771375656128},"size":9.695568084716797,"orthographic":false}