{"cameraMode":{"drawMode":0,"name":"Shaded","section":"Shading Mode"},"sceneLighting":false,"audioPlay":false,"sceneViewState":{"m_AlwaysRefresh":false,"showFog":true,"showSkybox":false,"showFlares":true,"showImageEffects":true,"showParticleSystems":true,"showVisualEffectGraphs":true,"m_FxEnabled":true},"in2DMode":false,"pivot":{"x":0.5656977295875549,"y":4.444578647613525,"z":4.593448162078857},"rotation":{"x":-0.008869744837284089,"y":0.9685313701629639,"z":-0.034882206469774249,"w":-0.24627530574798585},"size":4.511529922485352,"orthographic":false}