{"cameraMode":{"drawMode":0,"name":"Shaded","section":"Shading Mode"},"sceneLighting":false,"audioPlay":false,"sceneViewState":{"m_AlwaysRefresh":false,"showFog":true,"showSkybox":false,"showFlares":true,"showImageEffects":true,"showParticleSystems":true,"showVisualEffectGraphs":true,"m_FxEnabled":true},"in2DMode":false,"pivot":{"x":-1.3949171304702759,"y":1.0947425365447999,"z":1.6604541540145875},"rotation":{"x":0.015562553890049458,"y":-0.9164302945137024,"z":0.3984312117099762,"w":0.03603363782167435},"size":4.915406703948975,"orthographic":false}