{"cameraMode":{"drawMode":0,"name":"Shaded","section":"Shading Mode"},"sceneLighting":false,"audioPlay":false,"sceneViewState":{"m_AlwaysRefresh":false,"showFog":true,"showSkybox":false,"showFlares":true,"showImageEffects":true,"showParticleSystems":true,"showVisualEffectGraphs":true,"m_FxEnabled":true},"in2DMode":false,"pivot":{"x":0.03959132730960846,"y":-1.9230341911315919,"z":2.3653554916381838},"rotation":{"x":-0.2964039742946625,"y":-0.006851604674011469,"z":0.002070537069812417,"w":-0.9551206827163696},"size":5.917533874511719,"orthographic":false}