{"cameraMode":{"drawMode":0,"name":"Shaded","section":"Shading Mode"},"sceneLighting":false,"audioPlay":false,"sceneViewState":{"m_AlwaysRefresh":false,"showFog":true,"showSkybox":false,"showFlares":true,"showImageEffects":true,"showParticleSystems":true,"showVisualEffectGraphs":true,"m_FxEnabled":true},"in2DMode":false,"pivot":{"x":39.2599983215332,"y":23.439416885375978,"z":-1.4640439748764039},"rotation":{"x":-0.006053943186998367,"y":0.9927248358726502,"z":-0.10612643510103226,"w":-0.05663767457008362},"size":1.5493464469909669,"orthographic":false}