{"cameraMode":{"drawMode":0,"name":"Shaded","section":"Shading Mode"},"sceneLighting":false,"audioPlay":false,"sceneViewState":{"m_AlwaysRefresh":false,"showFog":true,"showSkybox":false,"showFlares":true,"showImageEffects":true,"showParticleSystems":true,"showVisualEffectGraphs":true,"m_FxEnabled":true},"in2DMode":false,"pivot":{"x":0.022119566798210145,"y":1.575500726699829,"z":6.27155876159668},"rotation":{"x":0.004507443401962519,"y":-0.9859045743942261,"z":0.1650768667459488,"w":0.026917973533272744},"size":2.950648307800293,"orthographic":false}