{"cameraMode":{"drawMode":0,"name":"Shaded","section":"Shading Mode"},"sceneLighting":false,"audioPlay":false,"sceneViewState":{"m_AlwaysRefresh":false,"showFog":true,"showSkybox":false,"showFlares":true,"showImageEffects":true,"showParticleSystems":true,"showVisualEffectGraphs":true,"m_FxEnabled":true},"in2DMode":false,"pivot":{"x":0.022119566798210145,"y":1.575500726699829,"z":6.27155876159668},"rotation":{"x":0.0032448063138872387,"y":-0.9810269474983215,"z":0.19314903020858766,"w":0.016478808596730233},"size":2.950648307800293,"orthographic":false}