{"cameraMode":{"drawMode":0,"name":"Shaded","section":"Shading Mode"},"sceneLighting":false,"audioPlay":false,"sceneViewState":{"m_AlwaysRefresh":false,"showFog":true,"showSkybox":false,"showFlares":true,"showImageEffects":true,"showParticleSystems":true,"showVisualEffectGraphs":true,"m_FxEnabled":true},"in2DMode":false,"pivot":{"x":1.8709882497787476,"y":0.8902576565742493,"z":1.1861746311187745},"rotation":{"x":0.005085763055831194,"y":-0.9682149887084961,"z":0.2492896467447281,"w":0.01975257880985737},"size":5.218090534210205,"orthographic":false}