{"cameraMode":{"drawMode":0,"name":"Shaded","section":"Shading Mode"},"sceneLighting":false,"audioPlay":false,"sceneViewState":{"m_AlwaysRefresh":false,"showFog":true,"showSkybox":false,"showFlares":true,"showImageEffects":true,"showParticleSystems":true,"showVisualEffectGraphs":true,"m_FxEnabled":true},"in2DMode":false,"pivot":{"x":-0.03422674164175987,"y":-0.08531725406646729,"z":-0.10041887313127518},"rotation":{"x":-0.053134575486183169,"y":0.8692481517791748,"z":-0.09584230929613114,"w":-0.48210668563842776},"size":0.6660367846488953,"orthographic":false}